SR Pos,Signal Name,Signal Type,Source Line Number,Source File Name,File Path
0,c,wire,9,/home/juancho/Documents/GitHub/EmuFaultSim/BenchpyRTLFIv1/Benchmarks/Cores/posit_add/sbtr/Module_1_gate.v,/home/juancho/Documents/GitHub/EmuFaultSim/BenchpyRTLFIv1/FI/sabotuer_scripts
1,c,wire,9,/home/juancho/Documents/GitHub/EmuFaultSim/BenchpyRTLFIv1/Benchmarks/Cores/posit_add/sbtr/Module_1_gate.v,/home/juancho/Documents/GitHub/EmuFaultSim/BenchpyRTLFIv1/FI/sabotuer_scripts
2,c,wire,9,/home/juancho/Documents/GitHub/EmuFaultSim/BenchpyRTLFIv1/Benchmarks/Cores/posit_add/sbtr/Module_1_gate.v,/home/juancho/Documents/GitHub/EmuFaultSim/BenchpyRTLFIv1/FI/sabotuer_scripts
3,c,wire,9,/home/juancho/Documents/GitHub/EmuFaultSim/BenchpyRTLFIv1/Benchmarks/Cores/posit_add/sbtr/Module_1_gate.v,/home/juancho/Documents/GitHub/EmuFaultSim/BenchpyRTLFIv1/FI/sabotuer_scripts
4,c,wire,9,/home/juancho/Documents/GitHub/EmuFaultSim/BenchpyRTLFIv1/Benchmarks/Cores/posit_add/sbtr/Module_1_gate.v,/home/juancho/Documents/GitHub/EmuFaultSim/BenchpyRTLFIv1/FI/sabotuer_scripts
5,c,wire,9,/home/juancho/Documents/GitHub/EmuFaultSim/BenchpyRTLFIv1/Benchmarks/Cores/posit_add/sbtr/Module_1_gate.v,/home/juancho/Documents/GitHub/EmuFaultSim/BenchpyRTLFIv1/FI/sabotuer_scripts
6,c,wire,9,/home/juancho/Documents/GitHub/EmuFaultSim/BenchpyRTLFIv1/Benchmarks/Cores/posit_add/sbtr/Module_1_gate.v,/home/juancho/Documents/GitHub/EmuFaultSim/BenchpyRTLFIv1/FI/sabotuer_scripts
7,c,wire,9,/home/juancho/Documents/GitHub/EmuFaultSim/BenchpyRTLFIv1/Benchmarks/Cores/posit_add/sbtr/Module_1_gate.v,/home/juancho/Documents/GitHub/EmuFaultSim/BenchpyRTLFIv1/FI/sabotuer_scripts
8,c,wire,9,/home/juancho/Documents/GitHub/EmuFaultSim/BenchpyRTLFIv1/Benchmarks/Cores/posit_add/sbtr/Module_1_gate.v,/home/juancho/Documents/GitHub/EmuFaultSim/BenchpyRTLFIv1/FI/sabotuer_scripts
9,c,wire,9,/home/juancho/Documents/GitHub/EmuFaultSim/BenchpyRTLFIv1/Benchmarks/Cores/posit_add/sbtr/Module_1_gate.v,/home/juancho/Documents/GitHub/EmuFaultSim/BenchpyRTLFIv1/FI/sabotuer_scripts
10,c,wire,9,/home/juancho/Documents/GitHub/EmuFaultSim/BenchpyRTLFIv1/Benchmarks/Cores/posit_add/sbtr/Module_1_gate.v,/home/juancho/Documents/GitHub/EmuFaultSim/BenchpyRTLFIv1/FI/sabotuer_scripts
11,c,wire,9,/home/juancho/Documents/GitHub/EmuFaultSim/BenchpyRTLFIv1/Benchmarks/Cores/posit_add/sbtr/Module_1_gate.v,/home/juancho/Documents/GitHub/EmuFaultSim/BenchpyRTLFIv1/FI/sabotuer_scripts
12,c,wire,9,/home/juancho/Documents/GitHub/EmuFaultSim/BenchpyRTLFIv1/Benchmarks/Cores/posit_add/sbtr/Module_1_gate.v,/home/juancho/Documents/GitHub/EmuFaultSim/BenchpyRTLFIv1/FI/sabotuer_scripts
13,c,wire,9,/home/juancho/Documents/GitHub/EmuFaultSim/BenchpyRTLFIv1/Benchmarks/Cores/posit_add/sbtr/Module_1_gate.v,/home/juancho/Documents/GitHub/EmuFaultSim/BenchpyRTLFIv1/FI/sabotuer_scripts
14,c,wire,9,/home/juancho/Documents/GitHub/EmuFaultSim/BenchpyRTLFIv1/Benchmarks/Cores/posit_add/sbtr/Module_1_gate.v,/home/juancho/Documents/GitHub/EmuFaultSim/BenchpyRTLFIv1/FI/sabotuer_scripts
15,c,wire,9,/home/juancho/Documents/GitHub/EmuFaultSim/BenchpyRTLFIv1/Benchmarks/Cores/posit_add/sbtr/Module_1_gate.v,/home/juancho/Documents/GitHub/EmuFaultSim/BenchpyRTLFIv1/FI/sabotuer_scripts
16,c,wire,9,/home/juancho/Documents/GitHub/EmuFaultSim/BenchpyRTLFIv1/Benchmarks/Cores/posit_add/sbtr/Module_1_gate.v,/home/juancho/Documents/GitHub/EmuFaultSim/BenchpyRTLFIv1/FI/sabotuer_scripts
17,c,wire,9,/home/juancho/Documents/GitHub/EmuFaultSim/BenchpyRTLFIv1/Benchmarks/Cores/posit_add/sbtr/Module_1_gate.v,/home/juancho/Documents/GitHub/EmuFaultSim/BenchpyRTLFIv1/FI/sabotuer_scripts
18,c,wire,9,/home/juancho/Documents/GitHub/EmuFaultSim/BenchpyRTLFIv1/Benchmarks/Cores/posit_add/sbtr/Module_1_gate.v,/home/juancho/Documents/GitHub/EmuFaultSim/BenchpyRTLFIv1/FI/sabotuer_scripts
19,c,wire,9,/home/juancho/Documents/GitHub/EmuFaultSim/BenchpyRTLFIv1/Benchmarks/Cores/posit_add/sbtr/Module_1_gate.v,/home/juancho/Documents/GitHub/EmuFaultSim/BenchpyRTLFIv1/FI/sabotuer_scripts
20,c,wire,9,/home/juancho/Documents/GitHub/EmuFaultSim/BenchpyRTLFIv1/Benchmarks/Cores/posit_add/sbtr/Module_1_gate.v,/home/juancho/Documents/GitHub/EmuFaultSim/BenchpyRTLFIv1/FI/sabotuer_scripts
21,c,wire,9,/home/juancho/Documents/GitHub/EmuFaultSim/BenchpyRTLFIv1/Benchmarks/Cores/posit_add/sbtr/Module_1_gate.v,/home/juancho/Documents/GitHub/EmuFaultSim/BenchpyRTLFIv1/FI/sabotuer_scripts
22,c,wire,9,/home/juancho/Documents/GitHub/EmuFaultSim/BenchpyRTLFIv1/Benchmarks/Cores/posit_add/sbtr/Module_1_gate.v,/home/juancho/Documents/GitHub/EmuFaultSim/BenchpyRTLFIv1/FI/sabotuer_scripts
23,c,wire,9,/home/juancho/Documents/GitHub/EmuFaultSim/BenchpyRTLFIv1/Benchmarks/Cores/posit_add/sbtr/Module_1_gate.v,/home/juancho/Documents/GitHub/EmuFaultSim/BenchpyRTLFIv1/FI/sabotuer_scripts
24,c,wire,9,/home/juancho/Documents/GitHub/EmuFaultSim/BenchpyRTLFIv1/Benchmarks/Cores/posit_add/sbtr/Module_1_gate.v,/home/juancho/Documents/GitHub/EmuFaultSim/BenchpyRTLFIv1/FI/sabotuer_scripts
25,c,wire,9,/home/juancho/Documents/GitHub/EmuFaultSim/BenchpyRTLFIv1/Benchmarks/Cores/posit_add/sbtr/Module_1_gate.v,/home/juancho/Documents/GitHub/EmuFaultSim/BenchpyRTLFIv1/FI/sabotuer_scripts
26,c,wire,9,/home/juancho/Documents/GitHub/EmuFaultSim/BenchpyRTLFIv1/Benchmarks/Cores/posit_add/sbtr/Module_1_gate.v,/home/juancho/Documents/GitHub/EmuFaultSim/BenchpyRTLFIv1/FI/sabotuer_scripts
27,c,wire,9,/home/juancho/Documents/GitHub/EmuFaultSim/BenchpyRTLFIv1/Benchmarks/Cores/posit_add/sbtr/Module_1_gate.v,/home/juancho/Documents/GitHub/EmuFaultSim/BenchpyRTLFIv1/FI/sabotuer_scripts
28,c,wire,9,/home/juancho/Documents/GitHub/EmuFaultSim/BenchpyRTLFIv1/Benchmarks/Cores/posit_add/sbtr/Module_1_gate.v,/home/juancho/Documents/GitHub/EmuFaultSim/BenchpyRTLFIv1/FI/sabotuer_scripts
29,c,wire,9,/home/juancho/Documents/GitHub/EmuFaultSim/BenchpyRTLFIv1/Benchmarks/Cores/posit_add/sbtr/Module_1_gate.v,/home/juancho/Documents/GitHub/EmuFaultSim/BenchpyRTLFIv1/FI/sabotuer_scripts
30,c,wire,9,/home/juancho/Documents/GitHub/EmuFaultSim/BenchpyRTLFIv1/Benchmarks/Cores/posit_add/sbtr/Module_1_gate.v,/home/juancho/Documents/GitHub/EmuFaultSim/BenchpyRTLFIv1/FI/sabotuer_scripts
31,c,wire,9,/home/juancho/Documents/GitHub/EmuFaultSim/BenchpyRTLFIv1/Benchmarks/Cores/posit_add/sbtr/Module_1_gate.v,/home/juancho/Documents/GitHub/EmuFaultSim/BenchpyRTLFIv1/FI/sabotuer_scripts
32,c,wire,9,/home/juancho/Documents/GitHub/EmuFaultSim/BenchpyRTLFIv1/Benchmarks/Cores/posit_add/sbtr/Module_1_gate.v,/home/juancho/Documents/GitHub/EmuFaultSim/BenchpyRTLFIv1/FI/sabotuer_scripts
33,c,wire,9,/home/juancho/Documents/GitHub/EmuFaultSim/BenchpyRTLFIv1/Benchmarks/Cores/posit_add/sbtr/Module_1_gate.v,/home/juancho/Documents/GitHub/EmuFaultSim/BenchpyRTLFIv1/FI/sabotuer_scripts
34,c,wire,9,/home/juancho/Documents/GitHub/EmuFaultSim/BenchpyRTLFIv1/Benchmarks/Cores/posit_add/sbtr/Module_1_gate.v,/home/juancho/Documents/GitHub/EmuFaultSim/BenchpyRTLFIv1/FI/sabotuer_scripts
35,c,wire,9,/home/juancho/Documents/GitHub/EmuFaultSim/BenchpyRTLFIv1/Benchmarks/Cores/posit_add/sbtr/Module_1_gate.v,/home/juancho/Documents/GitHub/EmuFaultSim/BenchpyRTLFIv1/FI/sabotuer_scripts
36,c,wire,9,/home/juancho/Documents/GitHub/EmuFaultSim/BenchpyRTLFIv1/Benchmarks/Cores/posit_add/sbtr/Module_1_gate.v,/home/juancho/Documents/GitHub/EmuFaultSim/BenchpyRTLFIv1/FI/sabotuer_scripts
37,c,wire,9,/home/juancho/Documents/GitHub/EmuFaultSim/BenchpyRTLFIv1/Benchmarks/Cores/posit_add/sbtr/Module_1_gate.v,/home/juancho/Documents/GitHub/EmuFaultSim/BenchpyRTLFIv1/FI/sabotuer_scripts
38,c,wire,9,/home/juancho/Documents/GitHub/EmuFaultSim/BenchpyRTLFIv1/Benchmarks/Cores/posit_add/sbtr/Module_1_gate.v,/home/juancho/Documents/GitHub/EmuFaultSim/BenchpyRTLFIv1/FI/sabotuer_scripts
39,c,wire,9,/home/juancho/Documents/GitHub/EmuFaultSim/BenchpyRTLFIv1/Benchmarks/Cores/posit_add/sbtr/Module_1_gate.v,/home/juancho/Documents/GitHub/EmuFaultSim/BenchpyRTLFIv1/FI/sabotuer_scripts
40,c,wire,9,/home/juancho/Documents/GitHub/EmuFaultSim/BenchpyRTLFIv1/Benchmarks/Cores/posit_add/sbtr/Module_1_gate.v,/home/juancho/Documents/GitHub/EmuFaultSim/BenchpyRTLFIv1/FI/sabotuer_scripts
41,c,wire,9,/home/juancho/Documents/GitHub/EmuFaultSim/BenchpyRTLFIv1/Benchmarks/Cores/posit_add/sbtr/Module_1_gate.v,/home/juancho/Documents/GitHub/EmuFaultSim/BenchpyRTLFIv1/FI/sabotuer_scripts
42,c,wire,9,/home/juancho/Documents/GitHub/EmuFaultSim/BenchpyRTLFIv1/Benchmarks/Cores/posit_add/sbtr/Module_1_gate.v,/home/juancho/Documents/GitHub/EmuFaultSim/BenchpyRTLFIv1/FI/sabotuer_scripts
43,c,wire,9,/home/juancho/Documents/GitHub/EmuFaultSim/BenchpyRTLFIv1/Benchmarks/Cores/posit_add/sbtr/Module_1_gate.v,/home/juancho/Documents/GitHub/EmuFaultSim/BenchpyRTLFIv1/FI/sabotuer_scripts
44,c,wire,9,/home/juancho/Documents/GitHub/EmuFaultSim/BenchpyRTLFIv1/Benchmarks/Cores/posit_add/sbtr/Module_1_gate.v,/home/juancho/Documents/GitHub/EmuFaultSim/BenchpyRTLFIv1/FI/sabotuer_scripts
45,c,wire,9,/home/juancho/Documents/GitHub/EmuFaultSim/BenchpyRTLFIv1/Benchmarks/Cores/posit_add/sbtr/Module_1_gate.v,/home/juancho/Documents/GitHub/EmuFaultSim/BenchpyRTLFIv1/FI/sabotuer_scripts
46,c,wire,9,/home/juancho/Documents/GitHub/EmuFaultSim/BenchpyRTLFIv1/Benchmarks/Cores/posit_add/sbtr/Module_1_gate.v,/home/juancho/Documents/GitHub/EmuFaultSim/BenchpyRTLFIv1/FI/sabotuer_scripts
47,c,wire,9,/home/juancho/Documents/GitHub/EmuFaultSim/BenchpyRTLFIv1/Benchmarks/Cores/posit_add/sbtr/Module_1_gate.v,/home/juancho/Documents/GitHub/EmuFaultSim/BenchpyRTLFIv1/FI/sabotuer_scripts
48,c,wire,9,/home/juancho/Documents/GitHub/EmuFaultSim/BenchpyRTLFIv1/Benchmarks/Cores/posit_add/sbtr/Module_1_gate.v,/home/juancho/Documents/GitHub/EmuFaultSim/BenchpyRTLFIv1/FI/sabotuer_scripts
49,c,wire,9,/home/juancho/Documents/GitHub/EmuFaultSim/BenchpyRTLFIv1/Benchmarks/Cores/posit_add/sbtr/Module_1_gate.v,/home/juancho/Documents/GitHub/EmuFaultSim/BenchpyRTLFIv1/FI/sabotuer_scripts
50,c,wire,9,/home/juancho/Documents/GitHub/EmuFaultSim/BenchpyRTLFIv1/Benchmarks/Cores/posit_add/sbtr/Module_1_gate.v,/home/juancho/Documents/GitHub/EmuFaultSim/BenchpyRTLFIv1/FI/sabotuer_scripts
51,\tmp[0][0],wire,10,/home/juancho/Documents/GitHub/EmuFaultSim/BenchpyRTLFIv1/Benchmarks/Cores/posit_add/sbtr/Module_1_gate.v,/home/juancho/Documents/GitHub/EmuFaultSim/BenchpyRTLFIv1/FI/sabotuer_scripts
52,\tmp[0][10],wire,11,/home/juancho/Documents/GitHub/EmuFaultSim/BenchpyRTLFIv1/Benchmarks/Cores/posit_add/sbtr/Module_1_gate.v,/home/juancho/Documents/GitHub/EmuFaultSim/BenchpyRTLFIv1/FI/sabotuer_scripts
53,\tmp[0][11],wire,12,/home/juancho/Documents/GitHub/EmuFaultSim/BenchpyRTLFIv1/Benchmarks/Cores/posit_add/sbtr/Module_1_gate.v,/home/juancho/Documents/GitHub/EmuFaultSim/BenchpyRTLFIv1/FI/sabotuer_scripts
54,\tmp[0][12],wire,13,/home/juancho/Documents/GitHub/EmuFaultSim/BenchpyRTLFIv1/Benchmarks/Cores/posit_add/sbtr/Module_1_gate.v,/home/juancho/Documents/GitHub/EmuFaultSim/BenchpyRTLFIv1/FI/sabotuer_scripts
55,\tmp[0][13],wire,14,/home/juancho/Documents/GitHub/EmuFaultSim/BenchpyRTLFIv1/Benchmarks/Cores/posit_add/sbtr/Module_1_gate.v,/home/juancho/Documents/GitHub/EmuFaultSim/BenchpyRTLFIv1/FI/sabotuer_scripts
56,\tmp[0][14],wire,15,/home/juancho/Documents/GitHub/EmuFaultSim/BenchpyRTLFIv1/Benchmarks/Cores/posit_add/sbtr/Module_1_gate.v,/home/juancho/Documents/GitHub/EmuFaultSim/BenchpyRTLFIv1/FI/sabotuer_scripts
57,\tmp[0][15],wire,16,/home/juancho/Documents/GitHub/EmuFaultSim/BenchpyRTLFIv1/Benchmarks/Cores/posit_add/sbtr/Module_1_gate.v,/home/juancho/Documents/GitHub/EmuFaultSim/BenchpyRTLFIv1/FI/sabotuer_scripts
58,\tmp[0][16],wire,17,/home/juancho/Documents/GitHub/EmuFaultSim/BenchpyRTLFIv1/Benchmarks/Cores/posit_add/sbtr/Module_1_gate.v,/home/juancho/Documents/GitHub/EmuFaultSim/BenchpyRTLFIv1/FI/sabotuer_scripts
59,\tmp[0][17],wire,18,/home/juancho/Documents/GitHub/EmuFaultSim/BenchpyRTLFIv1/Benchmarks/Cores/posit_add/sbtr/Module_1_gate.v,/home/juancho/Documents/GitHub/EmuFaultSim/BenchpyRTLFIv1/FI/sabotuer_scripts
60,\tmp[0][18],wire,19,/home/juancho/Documents/GitHub/EmuFaultSim/BenchpyRTLFIv1/Benchmarks/Cores/posit_add/sbtr/Module_1_gate.v,/home/juancho/Documents/GitHub/EmuFaultSim/BenchpyRTLFIv1/FI/sabotuer_scripts
61,\tmp[0][19],wire,20,/home/juancho/Documents/GitHub/EmuFaultSim/BenchpyRTLFIv1/Benchmarks/Cores/posit_add/sbtr/Module_1_gate.v,/home/juancho/Documents/GitHub/EmuFaultSim/BenchpyRTLFIv1/FI/sabotuer_scripts
62,\tmp[0][1],wire,21,/home/juancho/Documents/GitHub/EmuFaultSim/BenchpyRTLFIv1/Benchmarks/Cores/posit_add/sbtr/Module_1_gate.v,/home/juancho/Documents/GitHub/EmuFaultSim/BenchpyRTLFIv1/FI/sabotuer_scripts
63,\tmp[0][20],wire,22,/home/juancho/Documents/GitHub/EmuFaultSim/BenchpyRTLFIv1/Benchmarks/Cores/posit_add/sbtr/Module_1_gate.v,/home/juancho/Documents/GitHub/EmuFaultSim/BenchpyRTLFIv1/FI/sabotuer_scripts
64,\tmp[0][21],wire,23,/home/juancho/Documents/GitHub/EmuFaultSim/BenchpyRTLFIv1/Benchmarks/Cores/posit_add/sbtr/Module_1_gate.v,/home/juancho/Documents/GitHub/EmuFaultSim/BenchpyRTLFIv1/FI/sabotuer_scripts
65,\tmp[0][22],wire,24,/home/juancho/Documents/GitHub/EmuFaultSim/BenchpyRTLFIv1/Benchmarks/Cores/posit_add/sbtr/Module_1_gate.v,/home/juancho/Documents/GitHub/EmuFaultSim/BenchpyRTLFIv1/FI/sabotuer_scripts
66,\tmp[0][23],wire,25,/home/juancho/Documents/GitHub/EmuFaultSim/BenchpyRTLFIv1/Benchmarks/Cores/posit_add/sbtr/Module_1_gate.v,/home/juancho/Documents/GitHub/EmuFaultSim/BenchpyRTLFIv1/FI/sabotuer_scripts
67,\tmp[0][24],wire,26,/home/juancho/Documents/GitHub/EmuFaultSim/BenchpyRTLFIv1/Benchmarks/Cores/posit_add/sbtr/Module_1_gate.v,/home/juancho/Documents/GitHub/EmuFaultSim/BenchpyRTLFIv1/FI/sabotuer_scripts
68,\tmp[0][25],wire,27,/home/juancho/Documents/GitHub/EmuFaultSim/BenchpyRTLFIv1/Benchmarks/Cores/posit_add/sbtr/Module_1_gate.v,/home/juancho/Documents/GitHub/EmuFaultSim/BenchpyRTLFIv1/FI/sabotuer_scripts
69,\tmp[0][26],wire,28,/home/juancho/Documents/GitHub/EmuFaultSim/BenchpyRTLFIv1/Benchmarks/Cores/posit_add/sbtr/Module_1_gate.v,/home/juancho/Documents/GitHub/EmuFaultSim/BenchpyRTLFIv1/FI/sabotuer_scripts
70,\tmp[0][27],wire,29,/home/juancho/Documents/GitHub/EmuFaultSim/BenchpyRTLFIv1/Benchmarks/Cores/posit_add/sbtr/Module_1_gate.v,/home/juancho/Documents/GitHub/EmuFaultSim/BenchpyRTLFIv1/FI/sabotuer_scripts
71,\tmp[0][28],wire,30,/home/juancho/Documents/GitHub/EmuFaultSim/BenchpyRTLFIv1/Benchmarks/Cores/posit_add/sbtr/Module_1_gate.v,/home/juancho/Documents/GitHub/EmuFaultSim/BenchpyRTLFIv1/FI/sabotuer_scripts
72,\tmp[0][29],wire,31,/home/juancho/Documents/GitHub/EmuFaultSim/BenchpyRTLFIv1/Benchmarks/Cores/posit_add/sbtr/Module_1_gate.v,/home/juancho/Documents/GitHub/EmuFaultSim/BenchpyRTLFIv1/FI/sabotuer_scripts
73,\tmp[0][2],wire,32,/home/juancho/Documents/GitHub/EmuFaultSim/BenchpyRTLFIv1/Benchmarks/Cores/posit_add/sbtr/Module_1_gate.v,/home/juancho/Documents/GitHub/EmuFaultSim/BenchpyRTLFIv1/FI/sabotuer_scripts
74,\tmp[0][30],wire,33,/home/juancho/Documents/GitHub/EmuFaultSim/BenchpyRTLFIv1/Benchmarks/Cores/posit_add/sbtr/Module_1_gate.v,/home/juancho/Documents/GitHub/EmuFaultSim/BenchpyRTLFIv1/FI/sabotuer_scripts
75,\tmp[0][31],wire,34,/home/juancho/Documents/GitHub/EmuFaultSim/BenchpyRTLFIv1/Benchmarks/Cores/posit_add/sbtr/Module_1_gate.v,/home/juancho/Documents/GitHub/EmuFaultSim/BenchpyRTLFIv1/FI/sabotuer_scripts
76,\tmp[0][32],wire,35,/home/juancho/Documents/GitHub/EmuFaultSim/BenchpyRTLFIv1/Benchmarks/Cores/posit_add/sbtr/Module_1_gate.v,/home/juancho/Documents/GitHub/EmuFaultSim/BenchpyRTLFIv1/FI/sabotuer_scripts
77,\tmp[0][33],wire,36,/home/juancho/Documents/GitHub/EmuFaultSim/BenchpyRTLFIv1/Benchmarks/Cores/posit_add/sbtr/Module_1_gate.v,/home/juancho/Documents/GitHub/EmuFaultSim/BenchpyRTLFIv1/FI/sabotuer_scripts
78,\tmp[0][34],wire,37,/home/juancho/Documents/GitHub/EmuFaultSim/BenchpyRTLFIv1/Benchmarks/Cores/posit_add/sbtr/Module_1_gate.v,/home/juancho/Documents/GitHub/EmuFaultSim/BenchpyRTLFIv1/FI/sabotuer_scripts
79,\tmp[0][35],wire,38,/home/juancho/Documents/GitHub/EmuFaultSim/BenchpyRTLFIv1/Benchmarks/Cores/posit_add/sbtr/Module_1_gate.v,/home/juancho/Documents/GitHub/EmuFaultSim/BenchpyRTLFIv1/FI/sabotuer_scripts
80,\tmp[0][36],wire,39,/home/juancho/Documents/GitHub/EmuFaultSim/BenchpyRTLFIv1/Benchmarks/Cores/posit_add/sbtr/Module_1_gate.v,/home/juancho/Documents/GitHub/EmuFaultSim/BenchpyRTLFIv1/FI/sabotuer_scripts
81,\tmp[0][37],wire,40,/home/juancho/Documents/GitHub/EmuFaultSim/BenchpyRTLFIv1/Benchmarks/Cores/posit_add/sbtr/Module_1_gate.v,/home/juancho/Documents/GitHub/EmuFaultSim/BenchpyRTLFIv1/FI/sabotuer_scripts
82,\tmp[0][38],wire,41,/home/juancho/Documents/GitHub/EmuFaultSim/BenchpyRTLFIv1/Benchmarks/Cores/posit_add/sbtr/Module_1_gate.v,/home/juancho/Documents/GitHub/EmuFaultSim/BenchpyRTLFIv1/FI/sabotuer_scripts
83,\tmp[0][39],wire,42,/home/juancho/Documents/GitHub/EmuFaultSim/BenchpyRTLFIv1/Benchmarks/Cores/posit_add/sbtr/Module_1_gate.v,/home/juancho/Documents/GitHub/EmuFaultSim/BenchpyRTLFIv1/FI/sabotuer_scripts
84,\tmp[0][3],wire,43,/home/juancho/Documents/GitHub/EmuFaultSim/BenchpyRTLFIv1/Benchmarks/Cores/posit_add/sbtr/Module_1_gate.v,/home/juancho/Documents/GitHub/EmuFaultSim/BenchpyRTLFIv1/FI/sabotuer_scripts
85,\tmp[0][40],wire,44,/home/juancho/Documents/GitHub/EmuFaultSim/BenchpyRTLFIv1/Benchmarks/Cores/posit_add/sbtr/Module_1_gate.v,/home/juancho/Documents/GitHub/EmuFaultSim/BenchpyRTLFIv1/FI/sabotuer_scripts
86,\tmp[0][41],wire,45,/home/juancho/Documents/GitHub/EmuFaultSim/BenchpyRTLFIv1/Benchmarks/Cores/posit_add/sbtr/Module_1_gate.v,/home/juancho/Documents/GitHub/EmuFaultSim/BenchpyRTLFIv1/FI/sabotuer_scripts
87,\tmp[0][42],wire,46,/home/juancho/Documents/GitHub/EmuFaultSim/BenchpyRTLFIv1/Benchmarks/Cores/posit_add/sbtr/Module_1_gate.v,/home/juancho/Documents/GitHub/EmuFaultSim/BenchpyRTLFIv1/FI/sabotuer_scripts
88,\tmp[0][43],wire,47,/home/juancho/Documents/GitHub/EmuFaultSim/BenchpyRTLFIv1/Benchmarks/Cores/posit_add/sbtr/Module_1_gate.v,/home/juancho/Documents/GitHub/EmuFaultSim/BenchpyRTLFIv1/FI/sabotuer_scripts
89,\tmp[0][44],wire,48,/home/juancho/Documents/GitHub/EmuFaultSim/BenchpyRTLFIv1/Benchmarks/Cores/posit_add/sbtr/Module_1_gate.v,/home/juancho/Documents/GitHub/EmuFaultSim/BenchpyRTLFIv1/FI/sabotuer_scripts
90,\tmp[0][45],wire,49,/home/juancho/Documents/GitHub/EmuFaultSim/BenchpyRTLFIv1/Benchmarks/Cores/posit_add/sbtr/Module_1_gate.v,/home/juancho/Documents/GitHub/EmuFaultSim/BenchpyRTLFIv1/FI/sabotuer_scripts
91,\tmp[0][46],wire,50,/home/juancho/Documents/GitHub/EmuFaultSim/BenchpyRTLFIv1/Benchmarks/Cores/posit_add/sbtr/Module_1_gate.v,/home/juancho/Documents/GitHub/EmuFaultSim/BenchpyRTLFIv1/FI/sabotuer_scripts
92,\tmp[0][47],wire,51,/home/juancho/Documents/GitHub/EmuFaultSim/BenchpyRTLFIv1/Benchmarks/Cores/posit_add/sbtr/Module_1_gate.v,/home/juancho/Documents/GitHub/EmuFaultSim/BenchpyRTLFIv1/FI/sabotuer_scripts
93,\tmp[0][48],wire,52,/home/juancho/Documents/GitHub/EmuFaultSim/BenchpyRTLFIv1/Benchmarks/Cores/posit_add/sbtr/Module_1_gate.v,/home/juancho/Documents/GitHub/EmuFaultSim/BenchpyRTLFIv1/FI/sabotuer_scripts
94,\tmp[0][49],wire,53,/home/juancho/Documents/GitHub/EmuFaultSim/BenchpyRTLFIv1/Benchmarks/Cores/posit_add/sbtr/Module_1_gate.v,/home/juancho/Documents/GitHub/EmuFaultSim/BenchpyRTLFIv1/FI/sabotuer_scripts
95,\tmp[0][4],wire,54,/home/juancho/Documents/GitHub/EmuFaultSim/BenchpyRTLFIv1/Benchmarks/Cores/posit_add/sbtr/Module_1_gate.v,/home/juancho/Documents/GitHub/EmuFaultSim/BenchpyRTLFIv1/FI/sabotuer_scripts
96,\tmp[0][50],wire,55,/home/juancho/Documents/GitHub/EmuFaultSim/BenchpyRTLFIv1/Benchmarks/Cores/posit_add/sbtr/Module_1_gate.v,/home/juancho/Documents/GitHub/EmuFaultSim/BenchpyRTLFIv1/FI/sabotuer_scripts
97,\tmp[0][5],wire,56,/home/juancho/Documents/GitHub/EmuFaultSim/BenchpyRTLFIv1/Benchmarks/Cores/posit_add/sbtr/Module_1_gate.v,/home/juancho/Documents/GitHub/EmuFaultSim/BenchpyRTLFIv1/FI/sabotuer_scripts
98,\tmp[0][6],wire,57,/home/juancho/Documents/GitHub/EmuFaultSim/BenchpyRTLFIv1/Benchmarks/Cores/posit_add/sbtr/Module_1_gate.v,/home/juancho/Documents/GitHub/EmuFaultSim/BenchpyRTLFIv1/FI/sabotuer_scripts
99,\tmp[0][7],wire,58,/home/juancho/Documents/GitHub/EmuFaultSim/BenchpyRTLFIv1/Benchmarks/Cores/posit_add/sbtr/Module_1_gate.v,/home/juancho/Documents/GitHub/EmuFaultSim/BenchpyRTLFIv1/FI/sabotuer_scripts
100,\tmp[0][8],wire,59,/home/juancho/Documents/GitHub/EmuFaultSim/BenchpyRTLFIv1/Benchmarks/Cores/posit_add/sbtr/Module_1_gate.v,/home/juancho/Documents/GitHub/EmuFaultSim/BenchpyRTLFIv1/FI/sabotuer_scripts
101,\tmp[0][9],wire,60,/home/juancho/Documents/GitHub/EmuFaultSim/BenchpyRTLFIv1/Benchmarks/Cores/posit_add/sbtr/Module_1_gate.v,/home/juancho/Documents/GitHub/EmuFaultSim/BenchpyRTLFIv1/FI/sabotuer_scripts
102,\tmp[1][0],wire,61,/home/juancho/Documents/GitHub/EmuFaultSim/BenchpyRTLFIv1/Benchmarks/Cores/posit_add/sbtr/Module_1_gate.v,/home/juancho/Documents/GitHub/EmuFaultSim/BenchpyRTLFIv1/FI/sabotuer_scripts
103,\tmp[1][10],wire,62,/home/juancho/Documents/GitHub/EmuFaultSim/BenchpyRTLFIv1/Benchmarks/Cores/posit_add/sbtr/Module_1_gate.v,/home/juancho/Documents/GitHub/EmuFaultSim/BenchpyRTLFIv1/FI/sabotuer_scripts
104,\tmp[1][11],wire,63,/home/juancho/Documents/GitHub/EmuFaultSim/BenchpyRTLFIv1/Benchmarks/Cores/posit_add/sbtr/Module_1_gate.v,/home/juancho/Documents/GitHub/EmuFaultSim/BenchpyRTLFIv1/FI/sabotuer_scripts
105,\tmp[1][12],wire,64,/home/juancho/Documents/GitHub/EmuFaultSim/BenchpyRTLFIv1/Benchmarks/Cores/posit_add/sbtr/Module_1_gate.v,/home/juancho/Documents/GitHub/EmuFaultSim/BenchpyRTLFIv1/FI/sabotuer_scripts
106,\tmp[1][13],wire,65,/home/juancho/Documents/GitHub/EmuFaultSim/BenchpyRTLFIv1/Benchmarks/Cores/posit_add/sbtr/Module_1_gate.v,/home/juancho/Documents/GitHub/EmuFaultSim/BenchpyRTLFIv1/FI/sabotuer_scripts
107,\tmp[1][14],wire,66,/home/juancho/Documents/GitHub/EmuFaultSim/BenchpyRTLFIv1/Benchmarks/Cores/posit_add/sbtr/Module_1_gate.v,/home/juancho/Documents/GitHub/EmuFaultSim/BenchpyRTLFIv1/FI/sabotuer_scripts
108,\tmp[1][15],wire,67,/home/juancho/Documents/GitHub/EmuFaultSim/BenchpyRTLFIv1/Benchmarks/Cores/posit_add/sbtr/Module_1_gate.v,/home/juancho/Documents/GitHub/EmuFaultSim/BenchpyRTLFIv1/FI/sabotuer_scripts
109,\tmp[1][16],wire,68,/home/juancho/Documents/GitHub/EmuFaultSim/BenchpyRTLFIv1/Benchmarks/Cores/posit_add/sbtr/Module_1_gate.v,/home/juancho/Documents/GitHub/EmuFaultSim/BenchpyRTLFIv1/FI/sabotuer_scripts
110,\tmp[1][17],wire,69,/home/juancho/Documents/GitHub/EmuFaultSim/BenchpyRTLFIv1/Benchmarks/Cores/posit_add/sbtr/Module_1_gate.v,/home/juancho/Documents/GitHub/EmuFaultSim/BenchpyRTLFIv1/FI/sabotuer_scripts
111,\tmp[1][18],wire,70,/home/juancho/Documents/GitHub/EmuFaultSim/BenchpyRTLFIv1/Benchmarks/Cores/posit_add/sbtr/Module_1_gate.v,/home/juancho/Documents/GitHub/EmuFaultSim/BenchpyRTLFIv1/FI/sabotuer_scripts
112,\tmp[1][19],wire,71,/home/juancho/Documents/GitHub/EmuFaultSim/BenchpyRTLFIv1/Benchmarks/Cores/posit_add/sbtr/Module_1_gate.v,/home/juancho/Documents/GitHub/EmuFaultSim/BenchpyRTLFIv1/FI/sabotuer_scripts
113,\tmp[1][1],wire,72,/home/juancho/Documents/GitHub/EmuFaultSim/BenchpyRTLFIv1/Benchmarks/Cores/posit_add/sbtr/Module_1_gate.v,/home/juancho/Documents/GitHub/EmuFaultSim/BenchpyRTLFIv1/FI/sabotuer_scripts
114,\tmp[1][20],wire,73,/home/juancho/Documents/GitHub/EmuFaultSim/BenchpyRTLFIv1/Benchmarks/Cores/posit_add/sbtr/Module_1_gate.v,/home/juancho/Documents/GitHub/EmuFaultSim/BenchpyRTLFIv1/FI/sabotuer_scripts
115,\tmp[1][21],wire,74,/home/juancho/Documents/GitHub/EmuFaultSim/BenchpyRTLFIv1/Benchmarks/Cores/posit_add/sbtr/Module_1_gate.v,/home/juancho/Documents/GitHub/EmuFaultSim/BenchpyRTLFIv1/FI/sabotuer_scripts
116,\tmp[1][22],wire,75,/home/juancho/Documents/GitHub/EmuFaultSim/BenchpyRTLFIv1/Benchmarks/Cores/posit_add/sbtr/Module_1_gate.v,/home/juancho/Documents/GitHub/EmuFaultSim/BenchpyRTLFIv1/FI/sabotuer_scripts
117,\tmp[1][23],wire,76,/home/juancho/Documents/GitHub/EmuFaultSim/BenchpyRTLFIv1/Benchmarks/Cores/posit_add/sbtr/Module_1_gate.v,/home/juancho/Documents/GitHub/EmuFaultSim/BenchpyRTLFIv1/FI/sabotuer_scripts
118,\tmp[1][24],wire,77,/home/juancho/Documents/GitHub/EmuFaultSim/BenchpyRTLFIv1/Benchmarks/Cores/posit_add/sbtr/Module_1_gate.v,/home/juancho/Documents/GitHub/EmuFaultSim/BenchpyRTLFIv1/FI/sabotuer_scripts
119,\tmp[1][25],wire,78,/home/juancho/Documents/GitHub/EmuFaultSim/BenchpyRTLFIv1/Benchmarks/Cores/posit_add/sbtr/Module_1_gate.v,/home/juancho/Documents/GitHub/EmuFaultSim/BenchpyRTLFIv1/FI/sabotuer_scripts
120,\tmp[1][26],wire,79,/home/juancho/Documents/GitHub/EmuFaultSim/BenchpyRTLFIv1/Benchmarks/Cores/posit_add/sbtr/Module_1_gate.v,/home/juancho/Documents/GitHub/EmuFaultSim/BenchpyRTLFIv1/FI/sabotuer_scripts
121,\tmp[1][27],wire,80,/home/juancho/Documents/GitHub/EmuFaultSim/BenchpyRTLFIv1/Benchmarks/Cores/posit_add/sbtr/Module_1_gate.v,/home/juancho/Documents/GitHub/EmuFaultSim/BenchpyRTLFIv1/FI/sabotuer_scripts
122,\tmp[1][28],wire,81,/home/juancho/Documents/GitHub/EmuFaultSim/BenchpyRTLFIv1/Benchmarks/Cores/posit_add/sbtr/Module_1_gate.v,/home/juancho/Documents/GitHub/EmuFaultSim/BenchpyRTLFIv1/FI/sabotuer_scripts
123,\tmp[1][29],wire,82,/home/juancho/Documents/GitHub/EmuFaultSim/BenchpyRTLFIv1/Benchmarks/Cores/posit_add/sbtr/Module_1_gate.v,/home/juancho/Documents/GitHub/EmuFaultSim/BenchpyRTLFIv1/FI/sabotuer_scripts
124,\tmp[1][2],wire,83,/home/juancho/Documents/GitHub/EmuFaultSim/BenchpyRTLFIv1/Benchmarks/Cores/posit_add/sbtr/Module_1_gate.v,/home/juancho/Documents/GitHub/EmuFaultSim/BenchpyRTLFIv1/FI/sabotuer_scripts
125,\tmp[1][30],wire,84,/home/juancho/Documents/GitHub/EmuFaultSim/BenchpyRTLFIv1/Benchmarks/Cores/posit_add/sbtr/Module_1_gate.v,/home/juancho/Documents/GitHub/EmuFaultSim/BenchpyRTLFIv1/FI/sabotuer_scripts
126,\tmp[1][31],wire,85,/home/juancho/Documents/GitHub/EmuFaultSim/BenchpyRTLFIv1/Benchmarks/Cores/posit_add/sbtr/Module_1_gate.v,/home/juancho/Documents/GitHub/EmuFaultSim/BenchpyRTLFIv1/FI/sabotuer_scripts
127,\tmp[1][32],wire,86,/home/juancho/Documents/GitHub/EmuFaultSim/BenchpyRTLFIv1/Benchmarks/Cores/posit_add/sbtr/Module_1_gate.v,/home/juancho/Documents/GitHub/EmuFaultSim/BenchpyRTLFIv1/FI/sabotuer_scripts
128,\tmp[1][33],wire,87,/home/juancho/Documents/GitHub/EmuFaultSim/BenchpyRTLFIv1/Benchmarks/Cores/posit_add/sbtr/Module_1_gate.v,/home/juancho/Documents/GitHub/EmuFaultSim/BenchpyRTLFIv1/FI/sabotuer_scripts
129,\tmp[1][34],wire,88,/home/juancho/Documents/GitHub/EmuFaultSim/BenchpyRTLFIv1/Benchmarks/Cores/posit_add/sbtr/Module_1_gate.v,/home/juancho/Documents/GitHub/EmuFaultSim/BenchpyRTLFIv1/FI/sabotuer_scripts
130,\tmp[1][35],wire,89,/home/juancho/Documents/GitHub/EmuFaultSim/BenchpyRTLFIv1/Benchmarks/Cores/posit_add/sbtr/Module_1_gate.v,/home/juancho/Documents/GitHub/EmuFaultSim/BenchpyRTLFIv1/FI/sabotuer_scripts
131,\tmp[1][36],wire,90,/home/juancho/Documents/GitHub/EmuFaultSim/BenchpyRTLFIv1/Benchmarks/Cores/posit_add/sbtr/Module_1_gate.v,/home/juancho/Documents/GitHub/EmuFaultSim/BenchpyRTLFIv1/FI/sabotuer_scripts
132,\tmp[1][37],wire,91,/home/juancho/Documents/GitHub/EmuFaultSim/BenchpyRTLFIv1/Benchmarks/Cores/posit_add/sbtr/Module_1_gate.v,/home/juancho/Documents/GitHub/EmuFaultSim/BenchpyRTLFIv1/FI/sabotuer_scripts
133,\tmp[1][38],wire,92,/home/juancho/Documents/GitHub/EmuFaultSim/BenchpyRTLFIv1/Benchmarks/Cores/posit_add/sbtr/Module_1_gate.v,/home/juancho/Documents/GitHub/EmuFaultSim/BenchpyRTLFIv1/FI/sabotuer_scripts
134,\tmp[1][39],wire,93,/home/juancho/Documents/GitHub/EmuFaultSim/BenchpyRTLFIv1/Benchmarks/Cores/posit_add/sbtr/Module_1_gate.v,/home/juancho/Documents/GitHub/EmuFaultSim/BenchpyRTLFIv1/FI/sabotuer_scripts
135,\tmp[1][3],wire,94,/home/juancho/Documents/GitHub/EmuFaultSim/BenchpyRTLFIv1/Benchmarks/Cores/posit_add/sbtr/Module_1_gate.v,/home/juancho/Documents/GitHub/EmuFaultSim/BenchpyRTLFIv1/FI/sabotuer_scripts
136,\tmp[1][40],wire,95,/home/juancho/Documents/GitHub/EmuFaultSim/BenchpyRTLFIv1/Benchmarks/Cores/posit_add/sbtr/Module_1_gate.v,/home/juancho/Documents/GitHub/EmuFaultSim/BenchpyRTLFIv1/FI/sabotuer_scripts
137,\tmp[1][41],wire,96,/home/juancho/Documents/GitHub/EmuFaultSim/BenchpyRTLFIv1/Benchmarks/Cores/posit_add/sbtr/Module_1_gate.v,/home/juancho/Documents/GitHub/EmuFaultSim/BenchpyRTLFIv1/FI/sabotuer_scripts
138,\tmp[1][42],wire,97,/home/juancho/Documents/GitHub/EmuFaultSim/BenchpyRTLFIv1/Benchmarks/Cores/posit_add/sbtr/Module_1_gate.v,/home/juancho/Documents/GitHub/EmuFaultSim/BenchpyRTLFIv1/FI/sabotuer_scripts
139,\tmp[1][43],wire,98,/home/juancho/Documents/GitHub/EmuFaultSim/BenchpyRTLFIv1/Benchmarks/Cores/posit_add/sbtr/Module_1_gate.v,/home/juancho/Documents/GitHub/EmuFaultSim/BenchpyRTLFIv1/FI/sabotuer_scripts
140,\tmp[1][44],wire,99,/home/juancho/Documents/GitHub/EmuFaultSim/BenchpyRTLFIv1/Benchmarks/Cores/posit_add/sbtr/Module_1_gate.v,/home/juancho/Documents/GitHub/EmuFaultSim/BenchpyRTLFIv1/FI/sabotuer_scripts
141,\tmp[1][45],wire,100,/home/juancho/Documents/GitHub/EmuFaultSim/BenchpyRTLFIv1/Benchmarks/Cores/posit_add/sbtr/Module_1_gate.v,/home/juancho/Documents/GitHub/EmuFaultSim/BenchpyRTLFIv1/FI/sabotuer_scripts
142,\tmp[1][46],wire,101,/home/juancho/Documents/GitHub/EmuFaultSim/BenchpyRTLFIv1/Benchmarks/Cores/posit_add/sbtr/Module_1_gate.v,/home/juancho/Documents/GitHub/EmuFaultSim/BenchpyRTLFIv1/FI/sabotuer_scripts
143,\tmp[1][47],wire,102,/home/juancho/Documents/GitHub/EmuFaultSim/BenchpyRTLFIv1/Benchmarks/Cores/posit_add/sbtr/Module_1_gate.v,/home/juancho/Documents/GitHub/EmuFaultSim/BenchpyRTLFIv1/FI/sabotuer_scripts
144,\tmp[1][48],wire,103,/home/juancho/Documents/GitHub/EmuFaultSim/BenchpyRTLFIv1/Benchmarks/Cores/posit_add/sbtr/Module_1_gate.v,/home/juancho/Documents/GitHub/EmuFaultSim/BenchpyRTLFIv1/FI/sabotuer_scripts
145,\tmp[1][49],wire,104,/home/juancho/Documents/GitHub/EmuFaultSim/BenchpyRTLFIv1/Benchmarks/Cores/posit_add/sbtr/Module_1_gate.v,/home/juancho/Documents/GitHub/EmuFaultSim/BenchpyRTLFIv1/FI/sabotuer_scripts
146,\tmp[1][4],wire,105,/home/juancho/Documents/GitHub/EmuFaultSim/BenchpyRTLFIv1/Benchmarks/Cores/posit_add/sbtr/Module_1_gate.v,/home/juancho/Documents/GitHub/EmuFaultSim/BenchpyRTLFIv1/FI/sabotuer_scripts
147,\tmp[1][50],wire,106,/home/juancho/Documents/GitHub/EmuFaultSim/BenchpyRTLFIv1/Benchmarks/Cores/posit_add/sbtr/Module_1_gate.v,/home/juancho/Documents/GitHub/EmuFaultSim/BenchpyRTLFIv1/FI/sabotuer_scripts
148,\tmp[1][5],wire,107,/home/juancho/Documents/GitHub/EmuFaultSim/BenchpyRTLFIv1/Benchmarks/Cores/posit_add/sbtr/Module_1_gate.v,/home/juancho/Documents/GitHub/EmuFaultSim/BenchpyRTLFIv1/FI/sabotuer_scripts
149,\tmp[1][6],wire,108,/home/juancho/Documents/GitHub/EmuFaultSim/BenchpyRTLFIv1/Benchmarks/Cores/posit_add/sbtr/Module_1_gate.v,/home/juancho/Documents/GitHub/EmuFaultSim/BenchpyRTLFIv1/FI/sabotuer_scripts
150,\tmp[1][7],wire,109,/home/juancho/Documents/GitHub/EmuFaultSim/BenchpyRTLFIv1/Benchmarks/Cores/posit_add/sbtr/Module_1_gate.v,/home/juancho/Documents/GitHub/EmuFaultSim/BenchpyRTLFIv1/FI/sabotuer_scripts
151,\tmp[1][8],wire,110,/home/juancho/Documents/GitHub/EmuFaultSim/BenchpyRTLFIv1/Benchmarks/Cores/posit_add/sbtr/Module_1_gate.v,/home/juancho/Documents/GitHub/EmuFaultSim/BenchpyRTLFIv1/FI/sabotuer_scripts
152,\tmp[1][9],wire,111,/home/juancho/Documents/GitHub/EmuFaultSim/BenchpyRTLFIv1/Benchmarks/Cores/posit_add/sbtr/Module_1_gate.v,/home/juancho/Documents/GitHub/EmuFaultSim/BenchpyRTLFIv1/FI/sabotuer_scripts
153,\tmp[2][0],wire,112,/home/juancho/Documents/GitHub/EmuFaultSim/BenchpyRTLFIv1/Benchmarks/Cores/posit_add/sbtr/Module_1_gate.v,/home/juancho/Documents/GitHub/EmuFaultSim/BenchpyRTLFIv1/FI/sabotuer_scripts
154,\tmp[2][10],wire,113,/home/juancho/Documents/GitHub/EmuFaultSim/BenchpyRTLFIv1/Benchmarks/Cores/posit_add/sbtr/Module_1_gate.v,/home/juancho/Documents/GitHub/EmuFaultSim/BenchpyRTLFIv1/FI/sabotuer_scripts
155,\tmp[2][11],wire,114,/home/juancho/Documents/GitHub/EmuFaultSim/BenchpyRTLFIv1/Benchmarks/Cores/posit_add/sbtr/Module_1_gate.v,/home/juancho/Documents/GitHub/EmuFaultSim/BenchpyRTLFIv1/FI/sabotuer_scripts
156,\tmp[2][12],wire,115,/home/juancho/Documents/GitHub/EmuFaultSim/BenchpyRTLFIv1/Benchmarks/Cores/posit_add/sbtr/Module_1_gate.v,/home/juancho/Documents/GitHub/EmuFaultSim/BenchpyRTLFIv1/FI/sabotuer_scripts
157,\tmp[2][13],wire,116,/home/juancho/Documents/GitHub/EmuFaultSim/BenchpyRTLFIv1/Benchmarks/Cores/posit_add/sbtr/Module_1_gate.v,/home/juancho/Documents/GitHub/EmuFaultSim/BenchpyRTLFIv1/FI/sabotuer_scripts
158,\tmp[2][14],wire,117,/home/juancho/Documents/GitHub/EmuFaultSim/BenchpyRTLFIv1/Benchmarks/Cores/posit_add/sbtr/Module_1_gate.v,/home/juancho/Documents/GitHub/EmuFaultSim/BenchpyRTLFIv1/FI/sabotuer_scripts
159,\tmp[2][15],wire,118,/home/juancho/Documents/GitHub/EmuFaultSim/BenchpyRTLFIv1/Benchmarks/Cores/posit_add/sbtr/Module_1_gate.v,/home/juancho/Documents/GitHub/EmuFaultSim/BenchpyRTLFIv1/FI/sabotuer_scripts
160,\tmp[2][16],wire,119,/home/juancho/Documents/GitHub/EmuFaultSim/BenchpyRTLFIv1/Benchmarks/Cores/posit_add/sbtr/Module_1_gate.v,/home/juancho/Documents/GitHub/EmuFaultSim/BenchpyRTLFIv1/FI/sabotuer_scripts
161,\tmp[2][17],wire,120,/home/juancho/Documents/GitHub/EmuFaultSim/BenchpyRTLFIv1/Benchmarks/Cores/posit_add/sbtr/Module_1_gate.v,/home/juancho/Documents/GitHub/EmuFaultSim/BenchpyRTLFIv1/FI/sabotuer_scripts
162,\tmp[2][18],wire,121,/home/juancho/Documents/GitHub/EmuFaultSim/BenchpyRTLFIv1/Benchmarks/Cores/posit_add/sbtr/Module_1_gate.v,/home/juancho/Documents/GitHub/EmuFaultSim/BenchpyRTLFIv1/FI/sabotuer_scripts
163,\tmp[2][19],wire,122,/home/juancho/Documents/GitHub/EmuFaultSim/BenchpyRTLFIv1/Benchmarks/Cores/posit_add/sbtr/Module_1_gate.v,/home/juancho/Documents/GitHub/EmuFaultSim/BenchpyRTLFIv1/FI/sabotuer_scripts
164,\tmp[2][1],wire,123,/home/juancho/Documents/GitHub/EmuFaultSim/BenchpyRTLFIv1/Benchmarks/Cores/posit_add/sbtr/Module_1_gate.v,/home/juancho/Documents/GitHub/EmuFaultSim/BenchpyRTLFIv1/FI/sabotuer_scripts
165,\tmp[2][20],wire,124,/home/juancho/Documents/GitHub/EmuFaultSim/BenchpyRTLFIv1/Benchmarks/Cores/posit_add/sbtr/Module_1_gate.v,/home/juancho/Documents/GitHub/EmuFaultSim/BenchpyRTLFIv1/FI/sabotuer_scripts
166,\tmp[2][21],wire,125,/home/juancho/Documents/GitHub/EmuFaultSim/BenchpyRTLFIv1/Benchmarks/Cores/posit_add/sbtr/Module_1_gate.v,/home/juancho/Documents/GitHub/EmuFaultSim/BenchpyRTLFIv1/FI/sabotuer_scripts
167,\tmp[2][22],wire,126,/home/juancho/Documents/GitHub/EmuFaultSim/BenchpyRTLFIv1/Benchmarks/Cores/posit_add/sbtr/Module_1_gate.v,/home/juancho/Documents/GitHub/EmuFaultSim/BenchpyRTLFIv1/FI/sabotuer_scripts
168,\tmp[2][23],wire,127,/home/juancho/Documents/GitHub/EmuFaultSim/BenchpyRTLFIv1/Benchmarks/Cores/posit_add/sbtr/Module_1_gate.v,/home/juancho/Documents/GitHub/EmuFaultSim/BenchpyRTLFIv1/FI/sabotuer_scripts
169,\tmp[2][24],wire,128,/home/juancho/Documents/GitHub/EmuFaultSim/BenchpyRTLFIv1/Benchmarks/Cores/posit_add/sbtr/Module_1_gate.v,/home/juancho/Documents/GitHub/EmuFaultSim/BenchpyRTLFIv1/FI/sabotuer_scripts
170,\tmp[2][25],wire,129,/home/juancho/Documents/GitHub/EmuFaultSim/BenchpyRTLFIv1/Benchmarks/Cores/posit_add/sbtr/Module_1_gate.v,/home/juancho/Documents/GitHub/EmuFaultSim/BenchpyRTLFIv1/FI/sabotuer_scripts
171,\tmp[2][26],wire,130,/home/juancho/Documents/GitHub/EmuFaultSim/BenchpyRTLFIv1/Benchmarks/Cores/posit_add/sbtr/Module_1_gate.v,/home/juancho/Documents/GitHub/EmuFaultSim/BenchpyRTLFIv1/FI/sabotuer_scripts
172,\tmp[2][27],wire,131,/home/juancho/Documents/GitHub/EmuFaultSim/BenchpyRTLFIv1/Benchmarks/Cores/posit_add/sbtr/Module_1_gate.v,/home/juancho/Documents/GitHub/EmuFaultSim/BenchpyRTLFIv1/FI/sabotuer_scripts
173,\tmp[2][28],wire,132,/home/juancho/Documents/GitHub/EmuFaultSim/BenchpyRTLFIv1/Benchmarks/Cores/posit_add/sbtr/Module_1_gate.v,/home/juancho/Documents/GitHub/EmuFaultSim/BenchpyRTLFIv1/FI/sabotuer_scripts
174,\tmp[2][29],wire,133,/home/juancho/Documents/GitHub/EmuFaultSim/BenchpyRTLFIv1/Benchmarks/Cores/posit_add/sbtr/Module_1_gate.v,/home/juancho/Documents/GitHub/EmuFaultSim/BenchpyRTLFIv1/FI/sabotuer_scripts
175,\tmp[2][2],wire,134,/home/juancho/Documents/GitHub/EmuFaultSim/BenchpyRTLFIv1/Benchmarks/Cores/posit_add/sbtr/Module_1_gate.v,/home/juancho/Documents/GitHub/EmuFaultSim/BenchpyRTLFIv1/FI/sabotuer_scripts
176,\tmp[2][30],wire,135,/home/juancho/Documents/GitHub/EmuFaultSim/BenchpyRTLFIv1/Benchmarks/Cores/posit_add/sbtr/Module_1_gate.v,/home/juancho/Documents/GitHub/EmuFaultSim/BenchpyRTLFIv1/FI/sabotuer_scripts
177,\tmp[2][31],wire,136,/home/juancho/Documents/GitHub/EmuFaultSim/BenchpyRTLFIv1/Benchmarks/Cores/posit_add/sbtr/Module_1_gate.v,/home/juancho/Documents/GitHub/EmuFaultSim/BenchpyRTLFIv1/FI/sabotuer_scripts
178,\tmp[2][32],wire,137,/home/juancho/Documents/GitHub/EmuFaultSim/BenchpyRTLFIv1/Benchmarks/Cores/posit_add/sbtr/Module_1_gate.v,/home/juancho/Documents/GitHub/EmuFaultSim/BenchpyRTLFIv1/FI/sabotuer_scripts
179,\tmp[2][33],wire,138,/home/juancho/Documents/GitHub/EmuFaultSim/BenchpyRTLFIv1/Benchmarks/Cores/posit_add/sbtr/Module_1_gate.v,/home/juancho/Documents/GitHub/EmuFaultSim/BenchpyRTLFIv1/FI/sabotuer_scripts
180,\tmp[2][34],wire,139,/home/juancho/Documents/GitHub/EmuFaultSim/BenchpyRTLFIv1/Benchmarks/Cores/posit_add/sbtr/Module_1_gate.v,/home/juancho/Documents/GitHub/EmuFaultSim/BenchpyRTLFIv1/FI/sabotuer_scripts
181,\tmp[2][35],wire,140,/home/juancho/Documents/GitHub/EmuFaultSim/BenchpyRTLFIv1/Benchmarks/Cores/posit_add/sbtr/Module_1_gate.v,/home/juancho/Documents/GitHub/EmuFaultSim/BenchpyRTLFIv1/FI/sabotuer_scripts
182,\tmp[2][36],wire,141,/home/juancho/Documents/GitHub/EmuFaultSim/BenchpyRTLFIv1/Benchmarks/Cores/posit_add/sbtr/Module_1_gate.v,/home/juancho/Documents/GitHub/EmuFaultSim/BenchpyRTLFIv1/FI/sabotuer_scripts
183,\tmp[2][37],wire,142,/home/juancho/Documents/GitHub/EmuFaultSim/BenchpyRTLFIv1/Benchmarks/Cores/posit_add/sbtr/Module_1_gate.v,/home/juancho/Documents/GitHub/EmuFaultSim/BenchpyRTLFIv1/FI/sabotuer_scripts
184,\tmp[2][38],wire,143,/home/juancho/Documents/GitHub/EmuFaultSim/BenchpyRTLFIv1/Benchmarks/Cores/posit_add/sbtr/Module_1_gate.v,/home/juancho/Documents/GitHub/EmuFaultSim/BenchpyRTLFIv1/FI/sabotuer_scripts
185,\tmp[2][39],wire,144,/home/juancho/Documents/GitHub/EmuFaultSim/BenchpyRTLFIv1/Benchmarks/Cores/posit_add/sbtr/Module_1_gate.v,/home/juancho/Documents/GitHub/EmuFaultSim/BenchpyRTLFIv1/FI/sabotuer_scripts
186,\tmp[2][3],wire,145,/home/juancho/Documents/GitHub/EmuFaultSim/BenchpyRTLFIv1/Benchmarks/Cores/posit_add/sbtr/Module_1_gate.v,/home/juancho/Documents/GitHub/EmuFaultSim/BenchpyRTLFIv1/FI/sabotuer_scripts
187,\tmp[2][40],wire,146,/home/juancho/Documents/GitHub/EmuFaultSim/BenchpyRTLFIv1/Benchmarks/Cores/posit_add/sbtr/Module_1_gate.v,/home/juancho/Documents/GitHub/EmuFaultSim/BenchpyRTLFIv1/FI/sabotuer_scripts
188,\tmp[2][41],wire,147,/home/juancho/Documents/GitHub/EmuFaultSim/BenchpyRTLFIv1/Benchmarks/Cores/posit_add/sbtr/Module_1_gate.v,/home/juancho/Documents/GitHub/EmuFaultSim/BenchpyRTLFIv1/FI/sabotuer_scripts
189,\tmp[2][42],wire,148,/home/juancho/Documents/GitHub/EmuFaultSim/BenchpyRTLFIv1/Benchmarks/Cores/posit_add/sbtr/Module_1_gate.v,/home/juancho/Documents/GitHub/EmuFaultSim/BenchpyRTLFIv1/FI/sabotuer_scripts
190,\tmp[2][43],wire,149,/home/juancho/Documents/GitHub/EmuFaultSim/BenchpyRTLFIv1/Benchmarks/Cores/posit_add/sbtr/Module_1_gate.v,/home/juancho/Documents/GitHub/EmuFaultSim/BenchpyRTLFIv1/FI/sabotuer_scripts
191,\tmp[2][44],wire,150,/home/juancho/Documents/GitHub/EmuFaultSim/BenchpyRTLFIv1/Benchmarks/Cores/posit_add/sbtr/Module_1_gate.v,/home/juancho/Documents/GitHub/EmuFaultSim/BenchpyRTLFIv1/FI/sabotuer_scripts
192,\tmp[2][45],wire,151,/home/juancho/Documents/GitHub/EmuFaultSim/BenchpyRTLFIv1/Benchmarks/Cores/posit_add/sbtr/Module_1_gate.v,/home/juancho/Documents/GitHub/EmuFaultSim/BenchpyRTLFIv1/FI/sabotuer_scripts
193,\tmp[2][46],wire,152,/home/juancho/Documents/GitHub/EmuFaultSim/BenchpyRTLFIv1/Benchmarks/Cores/posit_add/sbtr/Module_1_gate.v,/home/juancho/Documents/GitHub/EmuFaultSim/BenchpyRTLFIv1/FI/sabotuer_scripts
194,\tmp[2][47],wire,153,/home/juancho/Documents/GitHub/EmuFaultSim/BenchpyRTLFIv1/Benchmarks/Cores/posit_add/sbtr/Module_1_gate.v,/home/juancho/Documents/GitHub/EmuFaultSim/BenchpyRTLFIv1/FI/sabotuer_scripts
195,\tmp[2][48],wire,154,/home/juancho/Documents/GitHub/EmuFaultSim/BenchpyRTLFIv1/Benchmarks/Cores/posit_add/sbtr/Module_1_gate.v,/home/juancho/Documents/GitHub/EmuFaultSim/BenchpyRTLFIv1/FI/sabotuer_scripts
196,\tmp[2][49],wire,155,/home/juancho/Documents/GitHub/EmuFaultSim/BenchpyRTLFIv1/Benchmarks/Cores/posit_add/sbtr/Module_1_gate.v,/home/juancho/Documents/GitHub/EmuFaultSim/BenchpyRTLFIv1/FI/sabotuer_scripts
197,\tmp[2][4],wire,156,/home/juancho/Documents/GitHub/EmuFaultSim/BenchpyRTLFIv1/Benchmarks/Cores/posit_add/sbtr/Module_1_gate.v,/home/juancho/Documents/GitHub/EmuFaultSim/BenchpyRTLFIv1/FI/sabotuer_scripts
198,\tmp[2][50],wire,157,/home/juancho/Documents/GitHub/EmuFaultSim/BenchpyRTLFIv1/Benchmarks/Cores/posit_add/sbtr/Module_1_gate.v,/home/juancho/Documents/GitHub/EmuFaultSim/BenchpyRTLFIv1/FI/sabotuer_scripts
199,\tmp[2][5],wire,158,/home/juancho/Documents/GitHub/EmuFaultSim/BenchpyRTLFIv1/Benchmarks/Cores/posit_add/sbtr/Module_1_gate.v,/home/juancho/Documents/GitHub/EmuFaultSim/BenchpyRTLFIv1/FI/sabotuer_scripts
200,\tmp[2][6],wire,159,/home/juancho/Documents/GitHub/EmuFaultSim/BenchpyRTLFIv1/Benchmarks/Cores/posit_add/sbtr/Module_1_gate.v,/home/juancho/Documents/GitHub/EmuFaultSim/BenchpyRTLFIv1/FI/sabotuer_scripts
201,\tmp[2][7],wire,160,/home/juancho/Documents/GitHub/EmuFaultSim/BenchpyRTLFIv1/Benchmarks/Cores/posit_add/sbtr/Module_1_gate.v,/home/juancho/Documents/GitHub/EmuFaultSim/BenchpyRTLFIv1/FI/sabotuer_scripts
202,\tmp[2][8],wire,161,/home/juancho/Documents/GitHub/EmuFaultSim/BenchpyRTLFIv1/Benchmarks/Cores/posit_add/sbtr/Module_1_gate.v,/home/juancho/Documents/GitHub/EmuFaultSim/BenchpyRTLFIv1/FI/sabotuer_scripts
203,\tmp[2][9],wire,162,/home/juancho/Documents/GitHub/EmuFaultSim/BenchpyRTLFIv1/Benchmarks/Cores/posit_add/sbtr/Module_1_gate.v,/home/juancho/Documents/GitHub/EmuFaultSim/BenchpyRTLFIv1/FI/sabotuer_scripts
